Test,R²,RMSE,MAE
FAS,-0.28921387236022783,12.40786485755729,9.864256330720265
Animals,-0.0019523504482288566,13.79023139253195,11.027493344121165
BNT,-0.2554918001473593,12.924170880898984,10.470060697719878
